<?xml version="1.0"?>
<data grt_format="2.0">
  <value _ptr_="0x2ccb7a0" type="list" content-type="object" content-struct-name="db.mgmt.Connection">
    <value type="object" struct-name="db.mgmt.Connection" id="116b9db6-0a96-11ea-8ffa-74c63b4d980f" struct-checksum="0x96ba47d8">
      <link type="object" struct-name="db.mgmt.Driver" key="driver">com.mysql.rdbms.mysql.driver.native</link>
      <value type="string" key="hostIdentifier">Mysql@localhost:3306</value>
      <value type="int" key="isDefault">0</value>
      <value _ptr_="0x2d86a60" type="dict" key="modules"/>
      <value _ptr_="0x2d86af0" type="dict" key="parameterValues">
        <value type="string" key="DbSqlEditor:LastDefaultSchema">website_teacher_zz_development</value>
        <value type="string" key="hostName">localhost</value>
        <value type="int" key="lastConnected">1583121958</value>
        <value type="int" key="port">3306</value>
        <value type="string" key="serverVersion">5.7.29-0ubuntu0.16.04.1</value>
        <value type="string" key="userName">root</value>
      </value>
      <value type="string" key="name">Local instance 3306</value>
      <link type="object" struct-name="GrtObject" key="owner">1dfc0c93-5c3b-11ea-b5a6-74c63b4d980f</link>
    </value>
  </value>
</data>
