<?xml version="1.0"?>
<data grt_format="2.0">
  <value _ptr_="0x2ccb670" type="list" content-type="object" content-struct-name="db.mgmt.ServerInstance">
    <value type="object" struct-name="db.mgmt.ServerInstance" id="116b9db5-0a96-11ea-8ffa-74c63b4d980f" struct-checksum="0x367436e2">
      <link type="object" struct-name="db.mgmt.Connection" key="connection">116b9db6-0a96-11ea-8ffa-74c63b4d980f</link>
      <value _ptr_="0x2d87140" type="dict" key="loginInfo"/>
      <value _ptr_="0x2d871d0" type="dict" key="serverInfo">
        <value type="int" key="setupPending">1</value>
        <value type="string" key="sys.config.path"></value>
        <value type="string" key="sys.config.section">mysqld</value>
        <value type="string" key="sys.preset">Custom</value>
        <value type="string" key="sys.system">Linux</value>
      </value>
      <value type="string" key="name">Local 3306</value>
    </value>
  </value>
</data>
